,city,lat,lng,max temp(f),humidity(%),cloudiness(%),wind speed(mph),country,date
0,torbay,47.67,-52.73,59.0,100,90,35.57,CA,1604366352
1,nacogdoches,31.6,-94.63,55.4,62,1,2.89,US,1604366352
2,boshnyakovo,49.63,142.17,34.23,85,100,11.27,RU,1604366352
3,kresttsy,58.25,32.52,44.11,88,100,10.63,RU,1604366353
4,barrow,71.29,-156.79,28.4,68,90,21.92,US,1604366120
5,rikitea,-23.12,-134.97,72.05,81,9,17.76,PF,1604366353
6,ponta do sol,32.67,-17.1,69.8,73,75,16.11,PT,1604366353
7,kodiak,57.79,-152.41,28.4,50,1,20.8,US,1604366354
8,hilo,19.73,-155.09,84.2,66,90,10.29,US,1604366354
9,bambous virieux,-20.34,57.76,71.6,73,75,10.29,MU,1604366354
10,union,40.63,-74.27,42.8,41,1,9.17,US,1604366164
11,ochamchira,42.71,41.47,57.0,89,100,2.1,GE,1604366355
12,ushuaia,-54.8,-68.3,50.0,81,75,12.75,AR,1604366125
13,bluff,-46.6,168.33,62.01,66,0,5.01,NZ,1604366355
14,new norfolk,-42.78,147.06,80.01,24,68,1.99,AU,1604366213
15,yellowknife,62.46,-114.35,10.4,85,90,10.29,CA,1604366355
16,arkhara,49.42,130.08,18.59,93,100,15.93,RU,1604366356
17,cabo san lucas,22.89,-109.91,82.4,65,20,4.7,MX,1604366343
18,hasaki,35.73,140.83,59.0,100,75,3.36,JP,1604366356
19,chiredzi,-21.05,31.67,72.05,68,100,5.26,ZW,1604366356
20,vaini,-21.2,-175.2,78.8,83,75,14.99,TO,1604366135
21,punta arenas,-53.15,-70.92,51.8,50,75,6.93,CL,1604366239
22,brae,60.4,-1.35,48.2,76,69,23.04,GB,1604366315
23,summerville,33.02,-80.18,46.4,87,1,2.89,US,1604366103
24,mersing,2.43,103.84,77.0,94,40,3.36,MY,1604366076
25,ahipara,-35.17,173.17,70.48,68,100,13.49,NZ,1604366358
26,tungor,53.38,142.96,35.56,80,95,7.92,RU,1604366137
27,acapulco,16.86,-99.89,84.2,83,20,9.17,MX,1604366199
28,busselton,-33.65,115.33,66.99,51,36,10.36,AU,1604366200
29,westport,41.14,-73.36,39.2,44,1,12.75,US,1604366359
30,petropavl,54.88,69.16,31.08,94,98,8.72,KZ,1604366138
31,kampong thum,12.71,104.89,76.35,76,53,6.35,KH,1604366359
32,leningradskiy,69.38,178.42,17.74,96,100,17.02,RU,1604366138
33,esso,55.93,158.7,30.6,94,100,8.5,RU,1604366360
34,east london,-33.02,27.91,66.25,85,33,12.71,ZA,1604366360
35,grindavik,63.84,-22.43,39.2,93,75,21.92,IS,1604366360
36,vanimo,-2.67,141.3,89.78,56,100,4.59,PG,1604366360
37,atuona,-9.8,-139.03,77.94,72,1,17.49,PF,1604366139
38,pauini,-7.71,-66.98,73.81,93,100,1.48,BR,1604366140
39,baruun-urt,46.68,113.28,16.93,70,0,9.35,MN,1604366361
40,chokurdakh,70.63,147.92,-13.31,87,25,9.71,RU,1604366361
41,albany,42.6,-73.97,36.0,64,95,1.99,US,1604366361
42,hobart,-42.88,147.33,80.01,36,0,11.41,AU,1604366214
43,cape town,-33.93,18.42,64.99,88,0,8.05,ZA,1604366275
44,longyearbyen,78.22,15.64,32.0,96,75,44.96,SJ,1604366141
45,port alfred,-33.59,26.89,65.93,86,4,18.84,ZA,1604366362
46,aktau,43.65,51.2,48.2,100,90,8.95,KZ,1604366142
47,angoche,-16.23,39.91,77.31,82,23,6.2,MZ,1604366363
48,butaritari,3.07,172.79,81.32,74,0,15.93,KI,1604366363
49,castro,-24.79,-50.01,52.09,94,0,8.75,BR,1604366363
50,sikasso,10.92,-7.0,76.46,41,10,1.9,ML,1604366363
51,chuy,-33.7,-53.46,56.39,92,0,6.44,UY,1604366143
52,codrington,-38.27,141.97,76.03,65,100,17.4,AU,1604366364
53,kupang,-10.17,123.58,89.69,44,88,1.32,ID,1604366364
54,inhambane,-23.86,35.38,71.62,76,60,3.2,MZ,1604366364
55,te anau,-45.42,167.72,66.85,40,6,2.15,NZ,1604366144
56,yei,4.09,30.68,66.22,93,78,1.3,SS,1604366365
57,trairi,-3.28,-39.27,79.81,78,0,10.25,BR,1604366227
58,moron,-34.65,-58.62,66.0,72,0,4.0,AR,1604366145
59,khatanga,71.97,102.5,9.19,96,100,7.34,RU,1604366098
60,cascais,38.7,-9.42,61.0,93,100,11.01,PT,1604366366
61,lebu,-37.62,-73.65,50.94,92,30,11.68,CL,1604366366
62,sal rei,16.18,-22.92,77.0,83,0,11.41,CV,1604366367
63,saint-philippe,-21.36,55.77,69.8,60,90,5.82,RE,1604366367
64,kapaa,22.08,-159.32,82.4,74,90,14.99,US,1604366142
65,dikson,73.51,80.55,14.32,94,99,11.59,RU,1604366367
66,saint-augustin,51.23,-58.65,47.43,80,100,38.23,CA,1604366368
67,bengkulu,-3.8,102.27,76.93,85,96,3.6,ID,1604366147
68,muroto,33.28,134.15,64.4,48,20,13.87,JP,1604366147
69,nanortalik,60.14,-45.24,34.56,80,100,11.59,GL,1604366148
70,sitka,57.05,-135.33,42.8,88,90,9.17,US,1604366148
71,wattegama,6.8,81.48,77.0,100,90,2.1,LK,1604366369
72,marsa matruh,31.35,27.25,62.6,88,40,6.93,EG,1604366369
73,qaanaaq,77.48,-69.36,9.25,78,100,4.34,GL,1604366369
74,georgetown,5.41,100.34,82.0,94,20,5.82,MY,1604366366
75,broome,42.25,-75.83,37.0,94,90,10.29,US,1604366370
76,antofagasta,-23.65,-70.4,59.0,77,90,13.87,CL,1604366150
77,mataura,-46.19,168.86,62.01,66,0,5.01,NZ,1604366370
78,hermanus,-34.42,19.23,64.0,86,11,8.99,ZA,1604366370
79,mar del plata,-38.0,-57.56,60.01,87,0,9.17,AR,1604366150
80,winnemucca,40.97,-117.74,66.2,12,1,3.36,US,1604366371
81,isangel,-19.55,169.27,75.25,92,100,11.83,VU,1604366371
82,kahului,20.89,-156.47,89.6,55,40,19.46,US,1604366372
83,port elizabeth,-33.92,25.57,64.4,88,0,12.75,ZA,1604366372
84,monrovia,6.3,-10.8,78.39,86,0,4.05,LR,1604366372
85,saint anthony,45.02,-93.22,51.8,56,1,4.59,US,1604366372
86,salalah,17.02,54.09,71.6,46,0,5.82,OM,1604366271
87,narsaq,60.92,-46.05,26.6,53,100,3.36,GL,1604366202
88,teeli,51.03,90.23,24.24,92,100,0.72,RU,1604366373
89,katherine,-14.47,132.27,95.0,39,100,6.93,AU,1604366374
90,am timan,11.03,20.28,77.59,40,38,3.29,TD,1604366203
91,mitsamiouli,-11.38,43.28,76.66,81,2,11.3,KM,1604366374
92,tempio pausania,40.9,9.1,57.2,93,40,2.24,IT,1604366374
93,victoria,22.29,114.16,73.0,69,11,1.99,HK,1604366242
94,hithadhoo,-0.6,73.08,83.07,72,100,8.12,MV,1604366375
95,ruteng,-8.61,120.47,75.18,64,84,1.45,ID,1604366375
96,port lincoln,-34.73,135.87,80.85,26,100,17.6,AU,1604366133
97,arcachon,44.59,-1.05,54.0,93,0,2.24,FR,1604366376
98,chino valley,34.76,-112.45,73.4,17,1,10.29,US,1604366345
99,mehamn,71.04,27.85,42.04,85,100,27.27,NO,1604366156
100,tigil,57.8,158.67,36.16,78,100,10.63,RU,1604366156
101,bozuyuk,39.91,30.04,37.4,92,100,2.24,TR,1604366377
102,jamestown,42.1,-79.24,37.0,59,1,19.46,US,1604366192
103,calabozo,8.92,-67.43,76.21,89,86,4.94,VE,1604366377
104,mahebourg,-20.41,57.7,71.6,73,75,10.29,MU,1604366377
105,yarmouth,41.71,-70.23,37.99,43,1,16.11,US,1604366378
106,sibu,2.3,111.82,77.0,88,40,4.7,MY,1604366378
107,manuk mangkaw,4.8,119.85,83.46,78,100,16.93,PH,1604366378
108,paamiut,61.99,-49.67,33.67,84,100,22.95,GL,1604366378
109,thompson,55.74,-97.86,21.2,92,90,8.05,CA,1604366379
110,zavetnoye,47.12,43.89,54.3,75,100,5.23,RU,1604366379
111,arraial do cabo,-22.97,-42.03,68.67,60,16,5.3,BR,1604366159
112,kangaatsiaq,68.31,-53.46,21.94,87,100,22.19,GL,1604366159
113,aykhal,66.0,111.5,6.8,84,90,6.71,RU,1604366380
114,tiksi,71.69,128.87,4.05,93,100,3.62,RU,1604366380
115,tasiilaq,65.61,-37.64,33.8,40,0,6.93,GL,1604366380
116,carnarvon,-24.87,113.63,69.8,60,2,19.46,AU,1604366380
117,nikolskoye,59.7,30.79,45.0,81,75,11.18,RU,1604366381
118,ribeira grande,38.52,-28.7,62.64,66,99,16.91,PT,1604366300
119,tommot,58.96,126.29,-6.83,87,13,0.51,RU,1604366381
120,strzelce krajenskie,52.88,15.53,62.01,80,75,3.0,PL,1604366381
121,aleksandrovsk-sakhalinskiy,50.9,142.16,36.63,76,99,15.14,RU,1604366161
122,ust-ilimsk,58.0,102.66,24.93,97,56,6.2,RU,1604366382
123,tuktoyaktuk,69.45,-133.04,3.2,84,90,6.93,CA,1604366382
124,kaeo,-35.1,173.78,71.01,84,100,13.0,NZ,1604366162
125,mercedes,-34.65,-59.43,64.0,77,0,7.54,AR,1604366383
126,maridi,4.92,29.47,67.57,92,86,2.15,SS,1604366383
127,nizhneudinsk,54.91,99.03,31.37,97,99,2.95,RU,1604366163
128,shebunino,46.43,141.86,43.48,63,99,20.69,RU,1604366383
129,port-cartier,50.03,-66.87,28.4,68,100,21.92,CA,1604366384
130,isla vista,34.41,-119.86,63.0,87,90,4.7,US,1604366384
131,ilhabela,-23.78,-45.36,64.98,69,62,3.56,BR,1604366384
132,marolambo,-20.05,48.12,60.87,87,61,1.28,MG,1604366164
133,lasa,46.62,10.7,42.8,100,40,4.7,IT,1604366384
134,srednekolymsk,67.45,153.68,-6.07,88,0,7.54,RU,1604366385
135,glendive,47.11,-104.71,57.99,40,1,6.93,US,1604366385
136,cootamundra,-34.65,148.03,78.01,51,100,1.01,AU,1604366385
137,faanui,-16.48,-151.75,80.11,80,2,18.57,PF,1604366226
138,khandyga,62.67,135.6,-8.12,84,0,2.91,RU,1604366386
139,roald,62.58,6.13,46.4,81,100,16.11,NO,1604366165
140,hwange,-18.37,26.5,69.4,56,40,2.62,ZW,1604366386
141,saldanha,-33.01,17.94,66.2,68,100,3.36,ZA,1604366386
142,ondangwa,-17.92,15.95,78.8,14,100,8.05,NA,1604366387
143,clyde river,70.47,-68.59,17.6,92,75,8.05,CA,1604366128
144,veraval,20.9,70.37,78.57,40,0,13.56,IN,1604366387
145,redmond,47.67,-122.12,61.0,72,100,5.17,US,1604366387
146,vila do maio,15.13,-23.22,78.8,54,0,10.29,CV,1604366167
147,cayenne,4.93,-52.33,77.0,100,0,2.24,GF,1604366180
148,belaya gora,68.53,146.42,-10.17,81,0,7.72,RU,1604366168
149,oyama,36.3,139.8,63.0,93,75,4.7,JP,1604366388
150,hokitika,-42.72,170.97,54.5,94,100,7.38,NZ,1604366389
151,faaa,-17.55,-149.6,86.0,58,20,17.22,PF,1604366389
152,kaduqli,11.02,29.72,79.84,43,0,3.27,SD,1604366389
153,coquimbo,-29.95,-71.34,55.4,82,11,2.24,CL,1604366278
154,portland,45.52,-122.68,61.0,67,99,1.14,US,1604365675
155,bethel,41.37,-73.41,37.0,47,1,11.41,US,1604366390
156,kavieng,-2.57,150.8,85.87,66,7,1.16,PG,1604366170
157,karratha,-20.74,116.85,83.7,26,0,4.12,AU,1604366170
158,upernavik,72.79,-56.15,16.16,91,96,7.67,GL,1604366287
159,yamada,39.47,141.95,57.13,63,48,4.32,JP,1604366170
160,sinnamary,5.38,-52.95,77.77,86,71,9.37,GF,1604366391
161,ramnagar,29.4,79.12,60.22,67,0,2.8,IN,1604366391
162,ilulissat,69.22,-51.1,19.4,57,100,27.51,GL,1604366392
163,heinola,61.21,26.04,46.4,100,90,18.34,FI,1604366392
164,moose factory,51.26,-80.61,21.2,85,90,14.99,CA,1604366172
165,omboue,-1.57,9.26,75.04,92,75,3.85,GA,1604366393
166,suez,29.97,32.53,67.71,71,2,7.2,EG,1604366393
167,gamba,-2.65,10.0,74.68,92,81,2.33,GA,1604366172
168,provideniya,64.38,-173.3,30.2,68,90,8.95,RU,1604366394
169,krasnoselkup,65.7,82.47,19.15,97,98,11.23,RU,1604366173
170,chebsara,59.2,38.84,38.07,96,100,9.22,RU,1604366394
171,tromso,69.65,18.96,41.0,86,90,26.4,NO,1604366394
172,ancud,-41.87,-73.82,53.01,87,90,5.82,CL,1604366395
173,jensen beach,27.25,-80.23,71.6,56,75,18.34,US,1604366395
174,buwenge,0.64,33.17,65.82,90,95,2.01,UG,1604366395
175,san quintin,30.48,-115.95,66.9,75,0,8.79,MX,1604366395
176,abnub,27.27,31.15,69.8,56,0,8.05,EG,1604366396
177,dudinka,69.41,86.18,12.2,85,100,4.47,RU,1604366396
178,montrose,38.42,-108.27,50.0,61,1,4.7,US,1604366340
179,airai,-8.93,125.41,77.41,38,98,4.79,TL,1604366396
180,altay,47.87,88.12,28.09,82,58,1.77,CN,1604366397
181,esperance,-33.87,121.9,59.0,100,75,12.75,AU,1604366176
182,rapid valley,44.06,-103.15,53.6,40,1,3.36,US,1604366373
183,samarai,-10.62,150.67,84.09,73,100,7.45,PG,1604366397
184,la asuncion,11.03,-63.86,80.6,83,0,14.99,VE,1604366398
185,chapais,49.78,-74.85,17.6,92,90,4.07,CA,1604366177
186,rosetta,31.4,30.42,71.6,56,40,9.17,EG,1604366398
187,bredasdorp,-34.53,20.04,64.4,88,97,11.41,ZA,1604366399
188,san cristobal,7.77,-72.22,67.77,92,100,2.33,VE,1604366399
189,faya,18.39,42.45,55.4,32,0,1.36,SA,1604366399
190,cidreira,-30.18,-50.21,62.38,76,4,6.71,BR,1604366178
191,vysotsk,60.63,28.57,45.0,100,90,13.87,RU,1604366179
192,husavik,66.04,-17.34,35.6,93,90,20.8,IS,1604366400
193,toamasina,-18.17,49.38,68.0,94,75,3.36,MG,1604366400
194,micheweni,-4.97,39.83,77.29,81,82,10.71,TZ,1604366401
195,fortuna,40.6,-124.16,48.99,93,90,14.99,US,1604366180
196,desaguadero,-16.57,-69.04,52.11,43,0,3.51,PE,1604366401
197,pevek,69.7,170.31,9.61,92,100,24.2,RU,1604366275
198,hambantota,6.12,81.12,77.0,100,90,2.44,LK,1604366402
199,borogontsy,62.67,131.17,-8.05,89,54,4.88,RU,1604366402
200,puerto ayora,-0.74,-90.35,69.01,95,95,5.01,EC,1604366402
201,mount isa,-20.73,139.5,98.6,13,0,14.99,AU,1604366402
202,sebastian,35.17,-94.27,55.0,62,1,2.37,US,1604366181
203,sistranda,63.73,8.83,46.4,87,75,14.99,NO,1604366403
204,ust-maya,60.42,134.53,-3.77,87,67,9.86,RU,1604366403
205,pacifica,37.61,-122.49,64.0,72,20,21.92,US,1604366104
206,maymyo,22.03,96.47,75.2,100,40,3.36,MM,1604366182
207,dingle,11.0,122.67,83.32,80,100,9.35,PH,1604366404
208,aitape,-3.14,142.35,88.39,57,100,4.27,PG,1604366404
209,krivosheino,57.34,83.93,29.75,98,100,6.31,RU,1604366404
210,hay river,60.82,-115.8,17.6,85,100,10.29,CA,1604366405
211,campbell river,50.02,-125.24,50.0,87,90,3.36,CA,1604366405
212,casa grande,32.88,-111.76,87.8,15,1,12.75,US,1604366406
213,xuanzhou,30.95,118.76,55.69,47,0,8.37,CN,1604366184
214,sept-iles,50.2,-66.38,28.4,68,100,21.92,CA,1604366406
215,mut,36.64,33.44,50.54,61,0,2.53,TR,1604366185
216,souillac,-20.52,57.52,71.6,73,75,10.29,MU,1604366406
217,pangnirtung,66.15,-65.71,15.84,81,100,11.34,CA,1604366407
218,jining,35.41,116.58,55.0,1,100,6.06,CN,1604366407
219,queanbeyan,-35.35,149.23,73.0,63,0,3.36,AU,1604366133
220,saint george,37.1,-113.58,69.01,29,1,1.21,US,1604366279
221,coos bay,43.37,-124.22,51.01,100,90,5.82,US,1604366408
222,yumen,40.28,97.2,37.49,64,77,9.4,CN,1604366186
223,tari,12.41,4.49,78.28,31,90,8.61,NG,1604366408
224,bambanglipuro,-7.95,110.28,82.18,71,18,3.87,ID,1604366408
225,atambua,-9.11,124.89,88.12,40,35,3.4,ID,1604366408
226,fairbanks,64.84,-147.72,-9.4,76,90,2.33,US,1604366132
227,aleksandrovka,46.84,32.76,46.17,81,40,3.4,UA,1604366409
228,middelburg,-25.78,29.46,59.54,66,0,3.38,ZA,1604366409
229,vitim,59.45,112.56,14.0,94,100,8.59,RU,1604366409
230,barcelos,41.54,-8.62,52.0,87,0,8.05,PT,1604366162
231,san patricio,28.02,-97.52,66.0,67,20,5.82,US,1604366410
232,katsuura,35.13,140.3,64.0,93,75,4.7,JP,1604366410
233,bathsheba,13.22,-59.52,82.4,74,40,20.8,BB,1604366189
234,roma,43.21,-75.46,35.01,80,90,5.82,US,1604366411
235,springfield,37.22,-93.3,53.01,49,1,8.05,US,1604366411
236,newnan,33.38,-84.8,51.8,32,1,4.7,US,1604366257
237,saint-francois,46.42,3.91,53.01,93,90,2.24,FR,1604366411
238,petropavlovsk-kamchatskiy,53.05,158.65,44.6,75,75,15.66,RU,1604366412
239,flagstaff,35.2,-111.65,57.2,30,20,3.36,US,1604366355
240,havelock,34.88,-76.9,44.01,61,1,5.82,US,1604366191
241,zheleznodorozhnyy,55.75,38.0,43.0,93,90,4.47,RU,1604366191
242,vermilion,40.17,-87.75,43.0,45,1,9.17,US,1604366192
243,cherskiy,68.75,161.3,-3.84,90,100,10.71,RU,1604366192
244,miri,4.41,114.01,80.6,83,20,4.7,MY,1604366192
245,basugaon,26.47,90.4,72.9,85,8,2.26,IN,1604366413
246,norman wells,65.28,-126.83,8.6,92,90,2.24,CA,1604366171
247,haines junction,60.75,-137.51,5.0,60,100,8.05,CA,1604366414
248,kandalaksha,67.16,32.41,41.59,92,100,11.97,RU,1604366193
249,abashiri,44.02,144.27,46.4,81,20,2.24,JP,1604366415
250,honjo,36.23,139.18,62.01,82,18,5.01,JP,1604366415
251,kavaratti,10.57,72.64,82.04,69,0,4.61,IN,1604366194
252,chalmette,29.94,-89.96,62.01,51,1,6.93,US,1604366415
253,touros,-5.2,-35.46,78.8,83,20,9.17,BR,1604366416
254,bowen,-20.02,148.23,80.6,61,75,21.92,AU,1604366416
255,prince rupert,54.32,-130.32,53.6,81,90,19.46,CA,1604366143
256,hobyo,5.35,48.53,79.81,81,94,11.18,SO,1604366195
257,teya,60.38,92.63,24.12,96,100,5.5,RU,1604366416
258,lompoc,34.64,-120.46,63.0,82,1,8.05,US,1604366417
259,funadhoo,6.15,73.27,82.4,69,0,4.47,MV,1604366417
260,nautla,20.22,-96.78,70.63,75,93,13.94,MX,1604366417
261,avarua,-21.21,-159.78,73.4,83,100,13.87,CK,1604366196
262,aberdeen,57.14,-2.1,41.0,80,100,5.82,GB,1604366418
263,wageningen,51.97,5.67,51.01,81,0,12.75,NL,1604366197
264,ambilobe,-13.2,49.05,68.07,76,0,4.92,MG,1604366418
265,saskylakh,71.92,114.08,9.3,95,100,8.7,RU,1604366418
266,kruisfontein,-34.0,24.73,57.0,95,2,5.55,ZA,1604366419
267,kaitangata,-46.28,169.85,61.0,63,0,5.01,NZ,1604366419
268,vila velha,-20.33,-40.29,69.8,68,20,8.05,BR,1604366419
269,skibbereen,51.55,-9.27,39.2,86,20,11.41,IE,1604366420
270,ust-tsilma,65.44,52.15,30.09,89,15,7.83,RU,1604366420
271,luwuk,-0.95,122.79,84.33,51,100,2.57,ID,1604366403
272,bonavista,48.65,-53.11,57.0,87,100,10.29,CA,1604366420
273,geraldton,-28.77,114.6,64.4,88,40,6.93,AU,1604366360
274,khor,47.89,134.95,28.27,87,100,14.65,RU,1604366421
275,meiningen,50.57,10.42,55.0,93,100,1.99,DE,1604366200
276,lodja,-3.48,23.43,67.8,98,100,1.12,CD,1604366421
277,port blair,11.67,92.75,81.34,77,66,5.61,IN,1604366173
278,lerwick,60.15,-1.15,48.2,76,46,23.04,GB,1604366422
279,rocha,-34.48,-54.33,52.74,93,0,4.72,UY,1604366306
280,lorengau,-2.02,147.27,87.12,63,8,1.57,PG,1604366422
281,college,64.86,-147.8,-9.4,69,40,2.26,US,1604366422
282,bilma,18.69,12.92,70.23,23,25,8.97,NE,1604366423
283,montepuez,-13.13,39.0,68.7,83,0,5.1,MZ,1604366423
284,dharchula,29.85,80.53,52.56,43,0,5.06,IN,1604366423
285,kitimat,54.05,-128.65,48.2,100,75,24.16,CA,1604366423
286,puerto del rosario,28.5,-13.86,69.8,77,75,10.29,ES,1604366423
287,wahiawa,21.5,-158.02,87.01,61,20,9.17,US,1604366424
288,meulaboh,4.14,96.13,78.08,89,100,3.76,ID,1604366424
289,manokwari,-0.87,134.08,82.72,70,100,3.4,ID,1604366203
290,viljoenskroon,-27.21,26.95,61.25,67,92,4.21,ZA,1604366425
291,whitehorse,60.72,-135.05,3.0,77,75,4.7,CA,1604366425
292,bowmore,34.94,-79.3,42.01,80,1,5.5,US,1604366425
293,waingapu,-9.66,120.26,86.14,63,96,10.89,ID,1604366204
294,kurilsk,45.23,147.88,44.87,78,100,9.15,RU,1604366204
295,port hardy,50.7,-127.42,50.0,100,90,24.16,CA,1604366426
296,iqaluit,63.75,-68.51,17.6,72,90,17.22,CA,1604366144
297,tateyama,34.98,139.87,64.0,93,75,4.7,JP,1604366205
298,waitati,-45.75,170.57,60.01,68,100,30.0,NZ,1604366426
299,itoman,26.12,127.67,75.2,78,75,31.09,JP,1604366427
300,luderitz,-26.65,15.16,60.37,83,25,4.74,NA,1604366427
301,gusau,12.16,6.66,75.4,31,100,6.85,NG,1604366427
302,wewak,-3.55,143.63,86.74,64,95,1.45,PG,1604366427
303,joshimath,30.57,79.57,46.4,48,0,4.7,IN,1604366428
304,bandarbeyla,9.49,50.81,77.25,81,78,18.12,SO,1604366428
305,placido de castro,-10.34,-67.19,74.61,66,76,1.43,BR,1604366207
306,sterling,39.01,-77.43,42.8,35,1,8.05,US,1604366419
307,naze,28.37,129.48,75.2,60,40,24.16,JP,1604366208
308,carmen,18.63,-91.83,77.0,83,90,17.22,MX,1604366179
309,asfi,32.3,-9.24,65.17,84,0,8.93,MA,1604366429
310,mantua,45.17,10.78,55.0,96,56,0.22,IT,1604366429
311,callaway,30.15,-85.57,59.0,38,1,9.17,US,1604366429
312,lima,-12.04,-77.03,64.4,77,75,13.87,PE,1604366266
313,hami,42.8,93.45,36.81,71,0,2.75,CN,1604366209
314,ola,59.58,151.28,36.23,85,100,25.28,RU,1604366430
315,dondo,-19.61,34.74,69.8,94,20,3.36,MZ,1604366430
316,tutoia,-2.76,-42.27,80.42,81,0,8.05,BR,1604366430
317,palmeira das missoes,-27.9,-53.31,60.75,65,100,11.36,BR,1604366431
318,hualmay,-11.1,-77.61,60.75,84,63,3.67,PE,1604366431
319,constitucion,-35.33,-72.42,52.48,90,72,11.14,CL,1604366431
320,yar-sale,66.83,70.83,17.02,96,10,9.01,RU,1604366211
321,waiuku,-37.25,174.75,70.0,68,98,21.92,NZ,1604366211
322,santa maria,-29.68,-53.81,64.4,63,0,6.93,BR,1604366215
323,jinchang,38.5,102.17,41.74,55,0,1.92,CN,1604366432
324,pangody,65.85,74.49,15.24,95,100,9.35,RU,1604366432
325,marawi,8.0,124.29,84.99,70,100,5.01,PH,1604366433
326,severo-kurilsk,50.68,156.12,43.66,88,100,29.15,RU,1604366433
327,cortes,41.94,-1.44,59.0,76,56,6.93,ES,1604366433
328,yzeure,46.56,3.35,53.01,93,90,2.24,FR,1604366433
329,ahuimanu,21.44,-157.84,87.8,65,40,8.05,US,1604366213
330,the valley,18.22,-63.06,82.4,74,20,9.17,AI,1604366434
331,kloulklubed,7.04,134.26,86.0,74,75,6.93,PW,1604366434
332,el paso,31.8,-106.2,73.4,20,1,6.93,US,1604366213
333,pak phanang,8.35,100.2,78.8,94,20,3.36,TH,1604366434
334,adeje,28.12,-16.73,71.01,73,40,10.29,ES,1604366435
335,benguela,-12.58,13.41,76.42,84,70,4.5,AO,1604366435
336,kutum,14.2,24.67,68.99,34,2,17.0,SD,1604366435
337,skjervoy,70.03,20.97,44.1,86,100,12.44,NO,1604366215
338,lalganj,25.87,85.18,62.6,72,40,2.24,IN,1604366436
339,batemans bay,-35.72,150.18,71.01,73,0,1.01,AU,1604366436
340,pisco,-13.7,-76.22,64.4,82,90,11.41,PE,1604366216
341,skhisma,35.27,25.72,66.0,82,20,10.71,GR,1604366436
342,naifaru,5.44,73.37,82.09,75,37,4.63,MV,1604366216
343,naryan-mar,67.67,53.09,29.43,92,67,12.8,RU,1604366437
344,ransang,8.96,117.58,83.93,71,100,7.47,PH,1604366437
345,guerrero negro,27.98,-114.06,70.79,70,0,14.41,MX,1604366217
346,buraydah,26.33,43.98,60.8,48,0,2.24,SA,1604366438
347,ridgecrest,35.62,-117.67,84.0,9,20,5.82,US,1604366360
348,caluquembe,-13.78,14.68,61.25,92,47,2.51,AO,1604366218
349,namibe,-15.2,12.15,68.43,78,97,5.7,AO,1604366438
350,lata,40.16,-8.33,57.99,93,100,4.61,PT,1604366439
351,shimoda,34.67,138.95,64.4,93,75,2.24,JP,1604366439
352,mulege,26.88,-111.98,74.77,49,0,2.06,MX,1604366219
353,barra do garcas,-15.89,-52.26,77.81,58,95,2.95,BR,1604366439
354,kholm-zhirkovskiy,55.52,33.47,40.6,96,46,6.29,RU,1604366440
355,penzance,50.12,-5.54,48.2,93,100,14.99,GB,1604366440
356,storforshei,66.4,14.52,44.01,92,100,3.0,NO,1604366440
357,craig,40.52,-107.55,53.6,30,1,3.36,US,1604366220
358,ordynskoye,54.37,81.9,28.65,97,100,4.79,RU,1604366441
359,sindor,62.86,51.89,26.65,94,0,7.67,RU,1604366441
360,urumqi,43.8,87.6,37.4,51,0,4.47,CN,1604366441
361,olinda,-8.01,-34.86,82.4,74,75,8.05,BR,1604366442
362,washougal,45.58,-122.35,60.8,41,1,12.75,US,1604366294
363,korla,41.76,86.15,34.65,80,0,1.88,CN,1604366442
364,tulun,54.56,100.58,29.5,98,100,4.14,RU,1604366442
365,gushikawa,26.35,127.87,75.2,73,90,19.46,JP,1604366443
366,klaksvik,62.23,-6.59,44.6,81,0,18.34,FO,1604366443
367,kasane,-17.82,25.15,68.27,58,91,5.23,BW,1604366222
368,clarence town,-32.58,151.78,70.0,68,75,16.11,AU,1604366443
369,hirara,24.8,125.28,77.0,73,75,18.34,JP,1604366444
370,inuvik,68.35,-133.72,1.4,77,85,5.82,CA,1604366223
371,mayo,38.89,-76.51,42.8,41,1,3.36,US,1604366444
372,ostrovnoy,68.05,39.51,40.32,85,100,32.17,RU,1604366444
373,merauke,-8.47,140.33,85.6,71,100,5.73,ID,1604366224
374,zhengjiatun,43.51,123.51,28.56,71,0,14.72,CN,1604366445
375,sioux lookout,50.1,-91.92,33.8,80,90,2.24,CA,1604366445
376,mareeba,-17.0,145.43,87.01,53,8,7.0,AU,1604366445
377,tautira,-17.73,-149.15,86.0,58,20,17.22,PF,1604366225
378,wazirganj,28.22,79.05,61.16,30,0,4.9,IN,1604366446
379,loviisa,60.46,26.23,50.0,96,100,5.99,FI,1604366225
380,le port,-20.94,55.29,66.2,63,40,4.7,RE,1604366446
381,lavrentiya,65.58,-171.0,21.24,87,2,2.82,RU,1604366446
382,gat,31.61,34.76,66.99,80,0,2.51,IL,1604366403
383,nanakuli,21.39,-158.15,87.01,62,1,11.41,US,1604366447
384,yerbogachen,61.28,108.01,25.48,98,97,8.5,RU,1604366447
385,thinadhoo,0.53,72.93,83.12,73,76,6.67,MV,1604366227
386,massakory,13.0,15.73,83.73,22,100,13.67,TD,1604366447
387,okhotsk,59.38,143.3,31.39,96,100,28.05,RU,1604366227
388,san andres,12.58,-81.7,82.4,78,40,18.34,CO,1604366212
389,richards bay,-28.78,32.04,67.51,93,2,8.19,ZA,1604366228
390,hrodna,53.69,23.83,48.34,96,100,8.32,BY,1604366448
391,matay,28.42,30.78,63.05,73,0,8.48,EG,1604366228
392,panjab,34.39,67.02,25.29,66,0,3.98,AF,1604366449
393,sisimiut,66.94,-53.67,19.31,85,100,18.66,GL,1604366449
394,kamaishi,39.27,141.88,51.8,100,75,4.7,JP,1604366449
395,lagoa,39.05,-27.98,62.2,62,100,14.03,PT,1604366450
396,candolim,15.52,73.76,75.2,100,40,4.7,IN,1604366450
397,verkhnevilyuysk,63.45,120.32,7.16,87,100,7.85,RU,1604366450
398,baijiantan,45.63,85.18,34.34,85,5,1.23,CN,1604366451
399,dossor,47.53,52.98,50.16,45,79,13.94,KZ,1604366230
400,hit,33.64,42.83,70.97,43,100,5.01,IQ,1604366230
401,cururupu,-1.83,-44.87,76.37,89,0,3.31,BR,1604366451
402,evensk,61.95,159.23,27.25,97,100,5.14,RU,1604366451
403,beringovskiy,63.05,179.32,28.11,90,100,7.54,RU,1604366452
404,otofuke,42.99,143.2,46.4,65,75,3.36,JP,1604366452
405,los aquijes,-14.1,-75.69,64.4,82,90,11.41,PE,1604366452
406,los llanos de aridane,28.66,-17.92,71.6,78,0,14.99,ES,1604366452
407,auki,-8.77,160.7,77.25,91,100,1.34,SB,1604366453
408,qui nhon,13.77,109.23,76.33,82,100,16.15,VN,1604366232
409,zaysan,47.47,84.87,35.44,76,95,2.35,KZ,1604366453
410,wharton,29.31,-96.1,60.01,41,1,4.03,US,1604366453
411,pangai,-19.8,-174.35,78.8,88,75,19.46,TO,1604366453
412,mokrous,51.23,47.52,44.26,65,100,6.4,RU,1604366454
413,esfahan,32.66,51.68,37.4,37,0,4.7,IR,1604366454
414,dhidhdhoo,6.88,73.1,82.2,68,1,3.58,MV,1604366454
415,leshukonskoye,64.9,45.76,33.67,91,100,12.82,RU,1604366455
416,ixtapa,20.7,-105.2,82.4,83,5,2.75,MX,1604366455
417,ilinskiy,55.62,38.12,43.0,93,90,4.47,RU,1604366234
418,lewistown,40.6,-77.57,41.0,38,1,13.87,US,1604366455
419,havoysund,71.0,24.66,41.0,75,100,23.04,NO,1604366182
420,oda,35.18,132.5,51.8,100,20,2.24,JP,1604366456
421,olenino,56.21,33.49,40.32,96,19,5.84,RU,1604366456
422,luanda,-8.84,13.23,78.8,83,75,5.82,AO,1604366456
423,aripuana,-9.17,-60.63,73.62,92,96,2.13,BR,1604366456
424,pokrovsk,48.28,37.18,46.74,88,99,3.96,UA,1604366236
425,sambava,-14.27,50.17,69.71,80,100,6.96,MG,1604366236
426,baykit,61.67,96.37,20.17,94,82,6.69,RU,1604366457
427,wanning,18.8,110.4,74.89,79,55,16.26,CN,1604366457
428,chumikan,54.72,135.31,14.76,96,100,15.97,RU,1604366458
429,krasnaya gora,53.0,31.6,44.6,100,90,4.47,RU,1604366458
430,puerto escondido,15.85,-97.07,80.6,69,75,2.64,MX,1604366458
431,talakan,50.32,130.37,20.37,91,100,11.99,RU,1604366458
432,murray bridge,-35.12,139.27,91.0,33,100,14.58,AU,1604366459
433,terrace,54.52,-128.6,48.2,100,75,24.16,CA,1604366459
434,northam,51.03,-4.22,45.0,85,100,5.01,GB,1604366459
435,mackay,-21.15,149.2,82.4,58,40,20.8,AU,1604366459
436,tiznit,29.58,-9.5,66.18,32,0,1.74,MA,1604366460
437,comodoro rivadavia,-45.87,-67.5,62.6,63,100,6.93,AR,1604366460
438,pacific grove,36.62,-121.92,69.01,82,1,7.07,US,1604366460
439,rundu,-17.93,19.77,69.33,66,7,6.96,NA,1604366239
440,severo-yeniseyskiy,60.37,93.04,21.02,98,100,7.54,RU,1604366461
441,zhangjiakou,40.81,114.88,33.64,67,0,9.73,CN,1604366407
442,kashary,49.04,41.01,47.53,90,3,5.46,RU,1604366180
443,kiskunmajsa,46.49,19.74,51.01,94,100,5.95,HU,1604366461
444,sorong,-0.88,131.25,81.73,76,100,2.71,ID,1604366462
445,aykino,62.22,49.99,26.74,97,4,8.23,RU,1604366462
446,fethiye,36.62,29.12,57.2,58,0,6.93,TR,1604366241
447,bonfim,3.08,-59.95,78.4,79,100,11.03,BR,1604366463
448,benghazi,32.12,20.07,69.91,62,2,9.66,LY,1604366463
449,golkoy,40.69,37.62,57.2,100,75,2.24,TR,1604366463
450,kenai,60.55,-151.26,27.0,23,20,14.99,US,1604366463
451,dandong,40.13,124.39,34.61,66,0,15.52,CN,1604366464
452,pabellon de arteaga,22.15,-102.25,69.8,16,5,11.41,MX,1604366243
453,harsud,22.1,76.73,63.37,41,0,5.59,IN,1604366464
454,wajir,1.75,40.06,73.6,90,100,9.48,KE,1604366464
455,nouakchott,18.09,-15.98,80.6,18,100,8.05,MR,1604366421
456,ayagoz,47.97,80.44,27.75,96,9,7.43,KZ,1604366465
457,adrar,20.5,-10.07,79.34,17,100,9.33,MR,1604366465
458,mount gambier,-37.83,140.77,82.4,37,100,19.46,AU,1604366245
459,birao,10.28,22.79,74.16,38,33,4.29,CF,1604366466
460,berdigestyakh,62.1,126.7,-1.28,90,0,3.42,RU,1604366466
461,knezica,45.1,16.68,50.0,93,86,3.36,BA,1604366467
462,berlevag,70.86,29.09,43.54,82,98,30.87,NO,1604366467
463,maua,-23.67,-46.46,57.2,71,75,11.41,BR,1604366229
464,asmara,15.33,38.93,51.98,92,0,4.56,ER,1604366467
465,vila franca do campo,37.72,-25.43,60.8,67,40,9.17,PT,1604366468
466,tonj,7.27,28.68,73.9,77,76,1.66,SS,1604366247
467,fort nelson,58.81,-122.7,10.4,85,90,4.7,CA,1604366468
468,bontang,0.13,117.5,79.63,78,100,6.91,ID,1604366278
469,tilichiki,60.47,166.1,32.58,97,100,3.47,RU,1604366469
470,quatre cocos,-20.21,57.76,71.6,73,75,10.29,MU,1604366248
471,kitgum,3.28,32.89,69.17,74,12,5.12,UG,1604366469
472,alice springs,-23.7,133.88,93.2,9,0,10.29,AU,1604366265
473,chulman,56.85,124.91,-7.15,87,18,4.03,RU,1604366249
474,labuhan,-6.88,112.21,82.24,74,100,6.04,ID,1604366470
475,kasongo-lunda,-6.47,16.82,69.66,93,100,0.27,CD,1604366250
476,sao miguel do araguaia,-13.28,-50.16,71.98,88,70,3.29,BR,1604366470
477,buala,-8.14,159.59,80.15,81,100,4.85,SB,1604366250
478,pran buri,12.38,99.91,78.8,88,75,3.36,TH,1604366471
479,vredendal,-31.67,18.5,72.93,36,100,15.05,ZA,1604366471
480,jiazi,22.88,116.07,70.63,70,57,10.54,CN,1604366471
481,ajdabiya,30.76,20.23,65.12,67,2,6.89,LY,1604366251
482,mangaluru,12.87,74.88,77.0,88,75,3.69,IN,1604366472
483,mezen,65.85,44.24,34.2,90,100,17.38,RU,1604366472
484,akonolinga,3.77,12.25,67.73,97,81,1.3,CM,1604366252
485,lucapa,-8.42,20.74,65.16,98,53,1.03,AO,1604366252
486,belyy yar,53.6,91.39,33.8,94,100,2.24,RU,1604366473
487,campoverde,-8.48,-74.81,84.2,66,20,2.24,PE,1604366473
488,siano,40.8,14.69,59.0,80,76,1.01,IT,1604366253
489,ghatal,22.67,87.72,73.22,68,5,6.89,IN,1604366253
490,olafsvik,64.89,-23.71,39.11,81,100,17.69,IS,1604366474
491,gogrial,8.53,28.1,75.45,78,84,3.44,SS,1604366474
492,makakilo city,21.35,-158.09,87.8,62,1,11.41,US,1604366475
493,tvoroyri,61.56,-6.81,44.6,81,0,18.34,FO,1604366475
494,mildura,-34.2,142.15,89.01,23,26,13.87,AU,1604366244
495,stephenville,32.22,-98.2,60.01,51,1,8.81,US,1604366405
496,linares,-35.85,-71.6,58.87,79,0,5.48,CL,1604366255
497,tual,-5.67,132.75,82.56,77,100,9.35,ID,1604366476
498,vardo,70.37,31.11,44.82,81,100,29.73,NO,1604366256
499,nyrob,60.73,56.72,22.6,98,38,4.16,RU,1604366476
500,aransas pass,27.91,-97.15,66.2,82,1,4.7,US,1604366476
501,vestmannaeyjar,63.44,-20.27,43.29,71,100,30.89,IS,1604366477
502,colares,38.8,-9.45,61.0,93,100,11.01,PT,1604366477
503,bubaque,11.28,-15.83,83.61,75,0,12.77,GW,1604366257
504,protivin,49.2,14.22,59.0,82,81,1.99,CZ,1604366477
505,kudahuvadhoo,2.67,72.89,82.26,70,100,8.41,MV,1604366477
506,eureka,40.8,-124.16,48.99,100,90,5.82,US,1604366477
507,latung,5.5,120.88,83.05,79,70,11.79,PH,1604366258
508,eregli,37.51,34.05,42.93,64,0,1.66,TR,1604366478
509,puerto madryn,-42.77,-65.04,74.05,31,100,24.18,AR,1604366258
510,santa rita,-7.11,-34.98,78.8,83,20,8.05,BR,1604366479
511,zhigansk,66.77,123.37,1.13,90,100,18.97,RU,1604366479
512,beyneu,45.32,55.2,50.92,44,9,16.58,KZ,1604366479
513,itarema,-2.92,-39.92,79.61,82,0,11.43,BR,1604366479
514,homer,59.64,-151.55,26.6,35,90,11.41,US,1604366259
515,hofn,64.25,-15.21,42.93,62,97,12.19,IS,1604366480
516,sola,-13.88,167.55,81.14,75,100,7.16,VU,1604366480
517,lilongwe,-13.97,33.79,71.13,63,100,5.95,MW,1604366194
518,oranjemund,-28.55,16.43,61.48,88,93,7.2,NA,1604366481
519,pinawa,50.15,-95.88,37.76,90,0,5.23,CA,1604366481
520,sao filipe,14.9,-24.5,80.73,58,99,4.34,CV,1604366261
521,ketchikan,55.34,-131.65,48.2,93,90,5.82,US,1604366481
522,moroni,-11.7,43.26,74.71,71,9,4.76,KM,1604366482
523,severnoye,56.35,78.36,29.84,98,100,7.16,RU,1604366482
524,erzin,36.96,36.2,59.0,100,40,4.7,TR,1604366482
525,baturaja,-4.13,104.17,76.1,91,94,1.01,ID,1604366483
526,fabriano,43.34,12.91,54.0,86,81,3.38,IT,1604366483
527,asau,46.43,26.4,48.0,90,100,4.27,RO,1604366483
528,mangrol,21.12,70.12,77.7,39,0,12.19,IN,1604366483
529,santa cruz de la palma,28.68,-17.76,71.6,78,0,14.99,ES,1604366263
530,irara,-12.05,-38.77,71.22,96,100,6.96,BR,1604366484
531,yulara,-25.24,130.99,91.4,13,0,10.29,AU,1604366484
532,daru,-9.08,143.21,83.98,77,100,14.14,PG,1604366484
533,ouesso,1.61,16.05,70.41,96,79,1.72,CG,1604366485
534,helong,42.54,129.0,27.75,75,15,14.34,CN,1604366485
535,novoilinsk,51.68,108.71,18.14,87,77,1.28,RU,1604366485
536,bodden town,19.28,-81.25,86.0,70,20,17.22,KY,1604366265
537,cicero dantas,-10.6,-38.38,70.79,98,100,8.68,BR,1604366486
538,ayr,55.46,-4.63,44.6,87,75,21.92,GB,1604366486
539,cotonou,6.37,2.42,78.8,88,20,2.24,BJ,1604366486
540,wasilla,61.58,-149.44,21.2,34,1,23.04,US,1604366403
541,devils lake,48.11,-98.87,48.99,57,1,4.7,US,1604366217
542,paita,-5.09,-81.11,62.06,89,79,11.77,PE,1604366487
543,tuatapere,-46.13,167.68,63.0,64,0,3.0,NZ,1604366487
544,dieppe,49.75,1.17,46.99,93,0,8.05,FR,1604366487
545,nioro,13.35,-15.75,76.96,54,2,4.74,GM,1604366267
546,slave lake,55.28,-114.77,37.4,75,1,3.36,CA,1604366488
547,san jeronimo,-11.95,-75.28,54.54,64,100,3.0,PE,1604366267
548,port keats,-14.25,129.55,91.26,48,98,10.67,AU,1604366488
549,severodvinsk,64.56,39.83,35.6,80,90,15.66,RU,1604366488
550,banjar,-8.19,114.97,87.82,48,31,0.83,ID,1604366489
551,turan,16.07,108.22,75.2,88,40,2.24,VN,1604366435
552,rio grande,-32.03,-52.1,60.01,92,0,3.0,BR,1604366489
553,kedougou,12.56,-12.17,78.8,74,0,9.17,SN,1604366490
554,butembo,0.15,29.28,56.68,90,100,2.66,CD,1604366490
555,ravar,31.27,56.81,48.94,51,0,1.66,IR,1604366490
556,maceio,-9.67,-35.74,77.0,88,75,5.82,BR,1604366491
557,salvador,13.83,-88.92,80.6,60,0,16.11,SV,1604366202
558,kiri buru,22.08,85.35,65.84,66,0,1.68,IN,1604366270
559,goderich,43.75,-81.72,44.6,63,97,23.04,CA,1604366491
560,mombetsu,44.35,143.35,48.2,70,20,9.17,JP,1604366271
561,yajalon,17.23,-92.33,61.9,99,33,2.1,MX,1604366492
562,henties bay,-22.12,14.28,57.0,91,0,1.99,NA,1604366492
563,hatillo,18.49,-66.83,80.01,94,75,6.87,PR,1604366271
564,champerico,14.3,-91.92,84.2,83,40,4.7,GT,1604366493
565,vao,-22.67,167.48,75.78,89,100,8.21,NC,1604366493
566,tacuarembo,-31.73,-55.98,55.45,89,94,5.66,UY,1604366366
567,myskhako,44.67,37.74,50.0,93,100,6.71,RU,1604366493
568,charleston,32.78,-79.93,48.99,81,1,7.4,US,1604366091
569,changping,40.22,116.22,46.99,33,0,2.24,CN,1604366494
570,mandera,3.94,41.87,79.32,70,100,11.68,KE,1604366494
571,ewa beach,21.32,-158.01,87.8,62,1,11.41,US,1604366241
